Topic Area,Borough,Year,Numerator
Cancer Indicators,Bronx,2017,18959.0
Cancer Indicators,Brooklyn,2017,36343.0
Cancer Indicators,Manhattan,2017,25906.0
Cancer Indicators,Queens,2017,34001.0
Cancer Indicators,Staten,2017,9005.0
Cancer Indicators,Bronx,2017,18959.0
Cancer Indicators,Brooklyn,2017,36343.0
Cancer Indicators,Manhattan,2017,25906.0
Cancer Indicators,Queens,2017,34001.0
Cancer Indicators,Staten,2017,9005.0
Cancer Indicators,Bronx,2017,7195.0
Cancer Indicators,Brooklyn,2017,10508.0
Cancer Indicators,Manhattan,2017,9036.0
Cancer Indicators,Queens,2017,9278.0
Cancer Indicators,Staten,2017,2471.0
Cancer Indicators,Bronx,2017,7195.0
Cancer Indicators,Brooklyn,2017,10508.0
Cancer Indicators,Manhattan,2017,9036.0
Cancer Indicators,Queens,2017,9278.0
Cancer Indicators,Staten,2017,2471.0
Cancer Indicators,Bronx,2017,451.0
Cancer Indicators,Brooklyn,2017,768.0
Cancer Indicators,Manhattan,2017,683.0
Cancer Indicators,Queens,2017,756.0
Cancer Indicators,Staten,2017,167.0
Cancer Indicators,Bronx,2017,451.0
Cancer Indicators,Brooklyn,2017,768.0
Cancer Indicators,Manhattan,2017,683.0
Cancer Indicators,Queens,2017,756.0
Cancer Indicators,Staten,2017,167.0
Cancer Indicators,Bronx,2017,154.0
Cancer Indicators,Brooklyn,2017,151.0
Cancer Indicators,Manhattan,2017,149.0
Cancer Indicators,Queens,2017,152.0
Cancer Indicators,Staten,2017,30.0
Cancer Indicators,Bronx,2017,154.0
Cancer Indicators,Brooklyn,2017,151.0
Cancer Indicators,Manhattan,2017,149.0
Cancer Indicators,Queens,2017,152.0
Cancer Indicators,Staten,2017,30.0
Cancer Indicators,Bronx,2017,1567.0
Cancer Indicators,Brooklyn,2017,3249.0
Cancer Indicators,Manhattan,2017,1990.0
Cancer Indicators,Queens,2017,3072.0
Cancer Indicators,Staten,2017,669.0
Cancer Indicators,Bronx,2017,1567.0
Cancer Indicators,Brooklyn,2017,3249.0
Cancer Indicators,Manhattan,2017,1990.0
Cancer Indicators,Queens,2017,3072.0
Cancer Indicators,Staten,2017,669.0
Cancer Indicators,Bronx,2017,679.0
Cancer Indicators,Brooklyn,2017,1046.0
Cancer Indicators,Manhattan,2017,778.0
Cancer Indicators,Queens,2017,963.0
Cancer Indicators,Staten,2017,246.0
Cancer Indicators,Bronx,2017,679.0
Cancer Indicators,Brooklyn,2017,1046.0
Cancer Indicators,Manhattan,2017,778.0
Cancer Indicators,Queens,2017,963.0
Cancer Indicators,Staten,2017,246.0
Cancer Indicators,Bronx,2017,1950.0
Cancer Indicators,Brooklyn,2017,3761.0
Cancer Indicators,Manhattan,2017,2725.0
Cancer Indicators,Queens,2017,3577.0
Cancer Indicators,Staten,2017,1147.0
Cancer Indicators,Bronx,2017,1950.0
Cancer Indicators,Brooklyn,2017,3761.0
Cancer Indicators,Manhattan,2017,2725.0
Cancer Indicators,Queens,2017,3577.0
Cancer Indicators,Staten,2017,1147.0
Cancer Indicators,Bronx,2017,1401.0
Cancer Indicators,Brooklyn,2017,2021.0
Cancer Indicators,Manhattan,2017,1655.0
Cancer Indicators,Queens,2017,1751.0
Cancer Indicators,Staten,2017,637.0
Cancer Indicators,Bronx,2017,1401.0
Cancer Indicators,Brooklyn,2017,2021.0
Cancer Indicators,Manhattan,2017,1655.0
Cancer Indicators,Queens,2017,1751.0
Cancer Indicators,Staten,2017,637.0
Cancer Indicators,Bronx,2017,2754.0
Cancer Indicators,Brooklyn,2017,5345.0
Cancer Indicators,Manhattan,2017,4182.0
Cancer Indicators,Queens,2017,5120.0
Cancer Indicators,Staten,2017,1222.0
Cancer Indicators,Bronx,2017,2754.0
Cancer Indicators,Brooklyn,2017,5345.0
Cancer Indicators,Manhattan,2017,4182.0
Cancer Indicators,Queens,2017,5120.0
Cancer Indicators,Staten,2017,1222.0
Cancer Indicators,Bronx,2017,599.0
Cancer Indicators,Brooklyn,2017,902.0
Cancer Indicators,Manhattan,2017,690.0
Cancer Indicators,Queens,2017,717.0
Cancer Indicators,Staten,2017,171.0
Cancer Indicators,Bronx,2017,599.0
Cancer Indicators,Brooklyn,2017,902.0
Cancer Indicators,Manhattan,2017,690.0
Cancer Indicators,Queens,2017,717.0
Cancer Indicators,Staten,2017,171.0
Cancer Indicators,Bronx,2017,971.0
Cancer Indicators,Brooklyn,2017,1986.0
Cancer Indicators,Manhattan,2017,1240.0
Cancer Indicators,Queens,2017,1748.0
Cancer Indicators,Staten,2017,365.0
Cancer Indicators,Bronx,2017,971.0
Cancer Indicators,Brooklyn,2017,1986.0
Cancer Indicators,Manhattan,2017,1240.0
Cancer Indicators,Queens,2017,1748.0
Cancer Indicators,Staten,2017,365.0
Cancer Indicators,Bronx,2017,228.0
Cancer Indicators,Brooklyn,2017,416.0
Cancer Indicators,Manhattan,2017,214.0
Cancer Indicators,Queens,2017,380.0
Cancer Indicators,Staten,2017,66.0
Cancer Indicators,Bronx,2017,228.0
Cancer Indicators,Brooklyn,2017,416.0
Cancer Indicators,Manhattan,2017,214.0
Cancer Indicators,Queens,2017,380.0
Cancer Indicators,Staten,2017,66.0
Cancer Indicators,Bronx,2017,74.0
Cancer Indicators,Brooklyn,2017,122.0
Cancer Indicators,Manhattan,2017,62.0
Cancer Indicators,Queens,2017,103.0
Cancer Indicators,Staten,2017,17.0
Cancer Indicators,Bronx,2017,74.0
Cancer Indicators,Brooklyn,2017,122.0
Cancer Indicators,Manhattan,2017,62.0
Cancer Indicators,Queens,2017,103.0
Cancer Indicators,Staten,2017,17.0
Cancer Indicators,Bronx,2017,262.0
Cancer Indicators,Brooklyn,2017,523.0
Cancer Indicators,Manhattan,2017,349.0
Cancer Indicators,Queens,2017,519.0
Cancer Indicators,Staten,2017,127.0
Cancer Indicators,Bronx,2017,262.0
Cancer Indicators,Brooklyn,2017,523.0
Cancer Indicators,Manhattan,2017,349.0
Cancer Indicators,Queens,2017,519.0
Cancer Indicators,Staten,2017,127.0
Cancer Indicators,Bronx,2017,180.0
Cancer Indicators,Brooklyn,2017,317.0
Cancer Indicators,Manhattan,2017,265.0
Cancer Indicators,Queens,2017,235.0
Cancer Indicators,Staten,2017,61.0
Cancer Indicators,Bronx,2017,180.0
Cancer Indicators,Brooklyn,2017,317.0
Cancer Indicators,Manhattan,2017,265.0
Cancer Indicators,Queens,2017,235.0
Cancer Indicators,Staten,2017,61.0
Cancer Indicators,Bronx,2017,2736.0
Cancer Indicators,Brooklyn,2017,4648.0
Cancer Indicators,Manhattan,2017,3195.0
Cancer Indicators,Queens,2017,4298.0
Cancer Indicators,Staten,2017,983.0
Cancer Indicators,Bronx,2017,2736.0
Cancer Indicators,Brooklyn,2017,4648.0
Cancer Indicators,Manhattan,2017,3195.0
Cancer Indicators,Queens,2017,4298.0
Cancer Indicators,Staten,2017,983.0
Cancer Indicators,Bronx,2017,448.0
Cancer Indicators,Brooklyn,2017,643.0
Cancer Indicators,Manhattan,2017,466.0
Cancer Indicators,Queens,2017,480.0
Cancer Indicators,Staten,2017,110.0
Cancer Indicators,Bronx,2017,448.0
Cancer Indicators,Brooklyn,2017,643.0
Cancer Indicators,Manhattan,2017,466.0
Cancer Indicators,Queens,2017,480.0
Cancer Indicators,Staten,2017,110.0
Cancer Indicators,Bronx,2017,511.0
Cancer Indicators,Brooklyn,2017,936.0
Cancer Indicators,Manhattan,2017,743.0
Cancer Indicators,Queens,2017,718.0
Cancer Indicators,Staten,2017,183.0
Cancer Indicators,Bronx,2017,511.0
Cancer Indicators,Brooklyn,2017,936.0
Cancer Indicators,Manhattan,2017,743.0
Cancer Indicators,Queens,2017,718.0
Cancer Indicators,Staten,2017,183.0
Cancer Indicators,Bronx,2017,34.0
Cancer Indicators,Brooklyn,2017,59.0
Cancer Indicators,Manhattan,2017,103.0
Cancer Indicators,Queens,2017,71.0
Cancer Indicators,Staten,2017,28.0
Cancer Indicators,Bronx,2017,34.0
Cancer Indicators,Brooklyn,2017,59.0
Cancer Indicators,Manhattan,2017,103.0
Cancer Indicators,Queens,2017,71.0
Cancer Indicators,Staten,2017,28.0
Cancer Indicators,Bronx,2018,18554.0
Cancer Indicators,Brooklyn,2018,26284.0
Cancer Indicators,Manhattan,2018,13574.0
Cancer Indicators,Queens,2018,29377.0
Cancer Indicators,Staten,2018,2925.0
Cardiovascular Disease Indicators,Bronx,2018,10718.0
Cardiovascular Disease Indicators,Brooklyn,2018,19470.0
Cardiovascular Disease Indicators,Manhattan,2018,10647.0
Cardiovascular Disease Indicators,Queens,2018,18114.0
Cardiovascular Disease Indicators,Staten,2018,4658.0
Cardiovascular Disease Indicators,Bronx,2018,10718.0
Cardiovascular Disease Indicators,Brooklyn,2018,19470.0
Cardiovascular Disease Indicators,Manhattan,2018,10647.0
Cardiovascular Disease Indicators,Queens,2018,18114.0
Cardiovascular Disease Indicators,Staten,2018,4658.0
Cardiovascular Disease Indicators,Bronx,2018,2352.0
Cardiovascular Disease Indicators,Brooklyn,2018,3230.0
Cardiovascular Disease Indicators,Manhattan,2018,1403.0
Cardiovascular Disease Indicators,Queens,2018,2613.0
Cardiovascular Disease Indicators,Staten,2018,693.0
Cardiovascular Disease Indicators,Bronx,2018,5683.0
Cardiovascular Disease Indicators,Brooklyn,2018,10353.0
Cardiovascular Disease Indicators,Manhattan,2018,6388.0
Cardiovascular Disease Indicators,Queens,2018,10278.0
Cardiovascular Disease Indicators,Staten,2018,2726.0
Cardiovascular Disease Indicators,Bronx,2018,75163.0
Cardiovascular Disease Indicators,Brooklyn,2018,107958.0
Cardiovascular Disease Indicators,Manhattan,2018,57659.0
Cardiovascular Disease Indicators,Queens,2018,99230.0
Cardiovascular Disease Indicators,Staten,2018,24119.0
Cardiovascular Disease Indicators,Bronx,2018,75163.0
Cardiovascular Disease Indicators,Brooklyn,2018,107958.0
Cardiovascular Disease Indicators,Manhattan,2018,57659.0
Cardiovascular Disease Indicators,Queens,2018,99230.0
Cardiovascular Disease Indicators,Staten,2018,24119.0
Cardiovascular Disease Indicators,Bronx,2018,8485.0
Cardiovascular Disease Indicators,Brooklyn,2018,16509.0
Cardiovascular Disease Indicators,Manhattan,2018,8583.0
Cardiovascular Disease Indicators,Queens,2018,14928.0
Cardiovascular Disease Indicators,Staten,2018,4132.0
Cardiovascular Disease Indicators,Bronx,2018,8485.0
Cardiovascular Disease Indicators,Brooklyn,2018,16509.0
Cardiovascular Disease Indicators,Manhattan,2018,8583.0
Cardiovascular Disease Indicators,Queens,2018,14928.0
Cardiovascular Disease Indicators,Staten,2018,4132.0
Cardiovascular Disease Indicators,Bronx,2018,1842.0
Cardiovascular Disease Indicators,Brooklyn,2018,2625.0
Cardiovascular Disease Indicators,Manhattan,2018,1114.0
Cardiovascular Disease Indicators,Queens,2018,2126.0
Cardiovascular Disease Indicators,Staten,2018,601.0
Cardiovascular Disease Indicators,Bronx,2018,5012.0
Cardiovascular Disease Indicators,Brooklyn,2018,9447.0
Cardiovascular Disease Indicators,Manhattan,2018,5607.0
Cardiovascular Disease Indicators,Queens,2018,9078.0
Cardiovascular Disease Indicators,Staten,2018,2539.0
Cardiovascular Disease Indicators,Bronx,2018,47528.0
Cardiovascular Disease Indicators,Brooklyn,2018,71880.0
Cardiovascular Disease Indicators,Manhattan,2018,37409.0
Cardiovascular Disease Indicators,Queens,2018,66938.0
Cardiovascular Disease Indicators,Staten,2018,16294.0
Cardiovascular Disease Indicators,Bronx,2018,47528.0
Cardiovascular Disease Indicators,Brooklyn,2018,71880.0
Cardiovascular Disease Indicators,Manhattan,2018,37409.0
Cardiovascular Disease Indicators,Queens,2018,66938.0
Cardiovascular Disease Indicators,Staten,2018,16294.0
Cardiovascular Disease Indicators,Bronx,2018,7436.0
Cardiovascular Disease Indicators,Brooklyn,2018,14881.0
Cardiovascular Disease Indicators,Manhattan,2018,7356.0
Cardiovascular Disease Indicators,Queens,2018,13419.0
Cardiovascular Disease Indicators,Staten,2018,3870.0
Cardiovascular Disease Indicators,Bronx,2018,7436.0
Cardiovascular Disease Indicators,Brooklyn,2018,14881.0
Cardiovascular Disease Indicators,Manhattan,2018,7356.0
Cardiovascular Disease Indicators,Queens,2018,13419.0
Cardiovascular Disease Indicators,Staten,2018,3870.0
Cardiovascular Disease Indicators,Bronx,2018,1593.0
Cardiovascular Disease Indicators,Brooklyn,2018,2299.0
Cardiovascular Disease Indicators,Manhattan,2018,962.0
Cardiovascular Disease Indicators,Queens,2018,1930.0
Cardiovascular Disease Indicators,Staten,2018,559.0
Cardiovascular Disease Indicators,Bronx,2018,4747.0
Cardiovascular Disease Indicators,Brooklyn,2018,9029.0
Cardiovascular Disease Indicators,Manhattan,2018,5121.0
Cardiovascular Disease Indicators,Queens,2018,8459.0
Cardiovascular Disease Indicators,Staten,2018,2439.0
Cardiovascular Disease Indicators,Bronx,2018,13981.0
Cardiovascular Disease Indicators,Brooklyn,2018,22165.0
Cardiovascular Disease Indicators,Manhattan,2018,11075.0
Cardiovascular Disease Indicators,Queens,2018,23641.0
Cardiovascular Disease Indicators,Staten,2018,5379.0
Cardiovascular Disease Indicators,Bronx,2018,13981.0
Cardiovascular Disease Indicators,Brooklyn,2018,22165.0
Cardiovascular Disease Indicators,Manhattan,2018,11075.0
Cardiovascular Disease Indicators,Queens,2018,23641.0
Cardiovascular Disease Indicators,Staten,2018,5379.0
Cardiovascular Disease Indicators,Bronx,2018,5561.0
Cardiovascular Disease Indicators,Brooklyn,2018,10753.0
Cardiovascular Disease Indicators,Manhattan,2018,5188.0
Cardiovascular Disease Indicators,Queens,2018,10093.0
Cardiovascular Disease Indicators,Staten,2018,2456.0
Cardiovascular Disease Indicators,Bronx,2018,5561.0
Cardiovascular Disease Indicators,Brooklyn,2018,10753.0
Cardiovascular Disease Indicators,Manhattan,2018,5188.0
Cardiovascular Disease Indicators,Queens,2018,10093.0
Cardiovascular Disease Indicators,Staten,2018,2456.0
Cardiovascular Disease Indicators,Bronx,2018,1004.0
Cardiovascular Disease Indicators,Brooklyn,2018,1673.0
Cardiovascular Disease Indicators,Manhattan,2018,920.0
Cardiovascular Disease Indicators,Queens,2018,1303.0
Cardiovascular Disease Indicators,Staten,2018,576.0
Cardiovascular Disease Indicators,Bronx,2018,1004.0
Cardiovascular Disease Indicators,Brooklyn,2018,1673.0
Cardiovascular Disease Indicators,Manhattan,2018,920.0
Cardiovascular Disease Indicators,Queens,2018,1303.0
Cardiovascular Disease Indicators,Staten,2018,576.0
Cardiovascular Disease Indicators,Bronx,2018,227.0
Cardiovascular Disease Indicators,Brooklyn,2018,407.0
Cardiovascular Disease Indicators,Manhattan,2018,286.0
Cardiovascular Disease Indicators,Queens,2018,423.0
Cardiovascular Disease Indicators,Staten,2018,58.0
Cardiovascular Disease Indicators,Bronx,2018,227.0
Cardiovascular Disease Indicators,Brooklyn,2018,407.0
Cardiovascular Disease Indicators,Manhattan,2018,286.0
Cardiovascular Disease Indicators,Queens,2018,423.0
Cardiovascular Disease Indicators,Staten,2018,58.0
Cardiovascular Disease Indicators,Bronx,2018,32.0
Cardiovascular Disease Indicators,Brooklyn,2018,43.0
Cardiovascular Disease Indicators,Manhattan,2018,19.0
Cardiovascular Disease Indicators,Queens,2018,22.0
Cardiovascular Disease Indicators,Staten,2018,3.0
Cardiovascular Disease Indicators,Bronx,2018,60.0
Cardiovascular Disease Indicators,Brooklyn,2018,133.0
Cardiovascular Disease Indicators,Manhattan,2018,129.0
Cardiovascular Disease Indicators,Queens,2018,212.0
Cardiovascular Disease Indicators,Staten,2018,28.0
Cardiovascular Disease Indicators,Bronx,2018,5902.0
Cardiovascular Disease Indicators,Brooklyn,2018,9243.0
Cardiovascular Disease Indicators,Manhattan,2018,4419.0
Cardiovascular Disease Indicators,Queens,2018,6875.0
Cardiovascular Disease Indicators,Staten,2018,1623.0
Cardiovascular Disease Indicators,Bronx,2018,1112.0
Cardiovascular Disease Indicators,Brooklyn,2018,1555.0
Cardiovascular Disease Indicators,Manhattan,2018,1066.0
Cardiovascular Disease Indicators,Queens,2018,1724.0
Cardiovascular Disease Indicators,Staten,2018,269.0
Cardiovascular Disease Indicators,Bronx,2018,1112.0
Cardiovascular Disease Indicators,Brooklyn,2018,1555.0
Cardiovascular Disease Indicators,Manhattan,2018,1066.0
Cardiovascular Disease Indicators,Queens,2018,1724.0
Cardiovascular Disease Indicators,Staten,2018,269.0
Cardiovascular Disease Indicators,Bronx,2018,245.0
Cardiovascular Disease Indicators,Brooklyn,2018,308.0
Cardiovascular Disease Indicators,Manhattan,2018,128.0
Cardiovascular Disease Indicators,Queens,2018,277.0
Cardiovascular Disease Indicators,Staten,2018,48.0
Cardiovascular Disease Indicators,Bronx,2018,275.0
Cardiovascular Disease Indicators,Brooklyn,2018,427.0
Cardiovascular Disease Indicators,Manhattan,2018,375.0
Cardiovascular Disease Indicators,Queens,2018,559.0
Cardiovascular Disease Indicators,Staten,2018,83.0
Cardiovascular Disease Indicators,Bronx,2018,11657.0
Cardiovascular Disease Indicators,Brooklyn,2018,18273.0
Cardiovascular Disease Indicators,Manhattan,2018,10035.0
Cardiovascular Disease Indicators,Queens,2018,16157.0
Cardiovascular Disease Indicators,Staten,2018,3875.0
Cardiovascular Disease Indicators,Bronx,2018,11657.0
Cardiovascular Disease Indicators,Brooklyn,2018,18273.0
Cardiovascular Disease Indicators,Manhattan,2018,10035.0
Cardiovascular Disease Indicators,Queens,2018,16157.0
Cardiovascular Disease Indicators,Staten,2018,3875.0
Cardiovascular Disease Indicators,Bronx,2018,1639.0
Cardiovascular Disease Indicators,Brooklyn,2018,1604.0
Cardiovascular Disease Indicators,Manhattan,2018,752.0
Cardiovascular Disease Indicators,Queens,2018,1633.0
Cardiovascular Disease Indicators,Staten,2018,270.0
Cardiovascular Disease Indicators,Bronx,2018,217826.0
Cardiovascular Disease Indicators,Brooklyn,2018,260261.0
Cardiovascular Disease Indicators,Manhattan,2018,151761.0
Cardiovascular Disease Indicators,Queens,2018,254170.0
Cardiovascular Disease Indicators,Staten,2018,63591.0
Cardiovascular Disease Indicators,Bronx,2018,18062.0
Cardiovascular Disease Indicators,Brooklyn,2018,28449.0
Cardiovascular Disease Indicators,Manhattan,2018,11923.0
Cardiovascular Disease Indicators,Queens,2018,17494.0
Cardiovascular Disease Indicators,Staten,2018,4934.0
Cardiovascular Disease Indicators,Bronx,2018,488014.0
Cardiovascular Disease Indicators,Brooklyn,2018,608676.0
Cardiovascular Disease Indicators,Manhattan,2018,314627.0
Cardiovascular Disease Indicators,Queens,2018,526627.0
Cardiovascular Disease Indicators,Staten,2018,139425.0
Cardiovascular Disease Indicators,Bronx,2018,88206.0
Cardiovascular Disease Indicators,Brooklyn,2018,105596.0
Cardiovascular Disease Indicators,Manhattan,2018,56287.0
Cardiovascular Disease Indicators,Queens,2018,86534.0
Cardiovascular Disease Indicators,Staten,2018,23987.0
Cardiovascular Disease Indicators,Bronx,2018,88206.0
Cardiovascular Disease Indicators,Brooklyn,2018,105596.0
Cardiovascular Disease Indicators,Manhattan,2018,56287.0
Cardiovascular Disease Indicators,Queens,2018,86534.0
Cardiovascular Disease Indicators,Staten,2018,23987.0
Cardiovascular Disease Indicators,Bronx,2018,104616.0
Cardiovascular Disease Indicators,Brooklyn,2018,116572.0
Cardiovascular Disease Indicators,Manhattan,2018,63303.0
Cardiovascular Disease Indicators,Queens,2018,89280.0
Cardiovascular Disease Indicators,Staten,2018,25654.0
Cardiovascular Disease Indicators,Bronx,2018,104616.0
Cardiovascular Disease Indicators,Brooklyn,2018,116572.0
Cardiovascular Disease Indicators,Manhattan,2018,63303.0
Cardiovascular Disease Indicators,Queens,2018,89280.0
Cardiovascular Disease Indicators,Staten,2018,25654.0
Child and Adolescent Health Indicators,Bronx,2018,46.0
Child and Adolescent Health Indicators,Brooklyn,2018,74.0
Child and Adolescent Health Indicators,Manhattan,2018,23.0
Child and Adolescent Health Indicators,Queens,2018,42.0
Child and Adolescent Health Indicators,Staten,2018,9.0
Child and Adolescent Health Indicators,Bronx,2018,25.0
Child and Adolescent Health Indicators,Brooklyn,2018,51.0
Child and Adolescent Health Indicators,Manhattan,2018,20.0
Child and Adolescent Health Indicators,Queens,2018,39.0
Child and Adolescent Health Indicators,Staten,2018,6.0
Child and Adolescent Health Indicators,Bronx,2018,48.0
Child and Adolescent Health Indicators,Brooklyn,2018,42.0
Child and Adolescent Health Indicators,Manhattan,2018,24.0
Child and Adolescent Health Indicators,Queens,2018,44.0
Child and Adolescent Health Indicators,Staten,2018,7.0
Child and Adolescent Health Indicators,Bronx,2018,73.0
Child and Adolescent Health Indicators,Brooklyn,2018,93.0
Child and Adolescent Health Indicators,Manhattan,2018,44.0
Child and Adolescent Health Indicators,Queens,2018,83.0
Child and Adolescent Health Indicators,Staten,2018,13.0
Child and Adolescent Health Indicators,Bronx,2018,103.0
Child and Adolescent Health Indicators,Brooklyn,2018,130.0
Child and Adolescent Health Indicators,Manhattan,2018,50.0
Child and Adolescent Health Indicators,Queens,2018,83.0
Child and Adolescent Health Indicators,Staten,2018,17.0
Child and Adolescent Health Indicators,Bronx,2018,3318.0
Child and Adolescent Health Indicators,Brooklyn,2018,2513.0
Child and Adolescent Health Indicators,Manhattan,2018,1076.0
Child and Adolescent Health Indicators,Queens,2018,1560.0
Child and Adolescent Health Indicators,Staten,2018,280.0
Child and Adolescent Health Indicators,Bronx,2018,3101.0
Child and Adolescent Health Indicators,Brooklyn,2018,2444.0
Child and Adolescent Health Indicators,Manhattan,2018,1109.0
Child and Adolescent Health Indicators,Queens,2018,1311.0
Child and Adolescent Health Indicators,Staten,2018,278.0
Child and Adolescent Health Indicators,Bronx,2018,6816.0
Child and Adolescent Health Indicators,Brooklyn,2018,5215.0
Child and Adolescent Health Indicators,Manhattan,2018,2337.0
Child and Adolescent Health Indicators,Queens,2018,3031.0
Child and Adolescent Health Indicators,Staten,2018,591.0
Child and Adolescent Health Indicators,Bronx,2018,763.0
Child and Adolescent Health Indicators,Brooklyn,2018,543.0
Child and Adolescent Health Indicators,Manhattan,2018,200.0
Child and Adolescent Health Indicators,Queens,2018,599.0
Child and Adolescent Health Indicators,Staten,2018,108.0
Child and Adolescent Health Indicators,Bronx,2018,92.0
Child and Adolescent Health Indicators,Brooklyn,2018,99.0
Child and Adolescent Health Indicators,Manhattan,2018,33.0
Child and Adolescent Health Indicators,Queens,2018,92.0
Child and Adolescent Health Indicators,Staten,2018,42.0
Child and Adolescent Health Indicators,Bronx,2018,1601.0
Child and Adolescent Health Indicators,Brooklyn,2018,1849.0
Child and Adolescent Health Indicators,Manhattan,2018,442.0
Child and Adolescent Health Indicators,Queens,2018,1340.0
Child and Adolescent Health Indicators,Staten,2018,366.0
Child and Adolescent Health Indicators,Bronx,2015,301.0
Child and Adolescent Health Indicators,Brooklyn,2015,721.0
Child and Adolescent Health Indicators,Manhattan,2015,341.0
Child and Adolescent Health Indicators,Queens,2015,507.0
Child and Adolescent Health Indicators,Staten,2015,55.0
Child and Adolescent Health Indicators,Bronx,2015,15108.0
Child and Adolescent Health Indicators,Brooklyn,2015,26395.0
Child and Adolescent Health Indicators,Manhattan,2015,11450.0
Child and Adolescent Health Indicators,Queens,2015,19086.0
Child and Adolescent Health Indicators,Staten,2015,3349.0
Child and Adolescent Health Indicators,Bronx,2015,14696.0
Child and Adolescent Health Indicators,Brooklyn,2015,25684.0
Child and Adolescent Health Indicators,Manhattan,2015,10055.0
Child and Adolescent Health Indicators,Queens,2015,18391.0
Child and Adolescent Health Indicators,Staten,2015,3040.0
Child and Adolescent Health Indicators,Bronx,2015,13613.0
Child and Adolescent Health Indicators,Brooklyn,2015,22183.0
Child and Adolescent Health Indicators,Manhattan,2015,9106.0
Child and Adolescent Health Indicators,Queens,2015,16615.0
Child and Adolescent Health Indicators,Staten,2015,2566.0
Child and Adolescent Health Indicators,Bronx,2018,312.0
Child and Adolescent Health Indicators,Brooklyn,2018,664.0
Child and Adolescent Health Indicators,Manhattan,2018,98.0
Child and Adolescent Health Indicators,Queens,2018,421.0
Child and Adolescent Health Indicators,Staten,2018,73.0
Child and Adolescent Health Indicators,Bronx,2018,126444.0
Child and Adolescent Health Indicators,Brooklyn,2018,188468.0
Child and Adolescent Health Indicators,Manhattan,2018,47628.0
Child and Adolescent Health Indicators,Queens,2018,148283.0
Child and Adolescent Health Indicators,Staten,2018,22089.0
Child and Adolescent Health Indicators,Bronx,2018,8628.0
Child and Adolescent Health Indicators,Brooklyn,2018,13125.0
Child and Adolescent Health Indicators,Manhattan,2018,3059.0
Child and Adolescent Health Indicators,Queens,2018,10764.0
Child and Adolescent Health Indicators,Staten,2018,1496.0
Child and Adolescent Health Indicators,Bronx,2018,43016.0
Child and Adolescent Health Indicators,Brooklyn,2018,68521.0
Child and Adolescent Health Indicators,Manhattan,2018,14710.0
Child and Adolescent Health Indicators,Queens,2018,49660.0
Child and Adolescent Health Indicators,Staten,2018,7480.0
Child and Adolescent Health Indicators,Bronx,2018,74800.0
Child and Adolescent Health Indicators,Brooklyn,2018,106822.0
Child and Adolescent Health Indicators,Manhattan,2018,29859.0
Child and Adolescent Health Indicators,Queens,2018,87859.0
Child and Adolescent Health Indicators,Staten,2018,13113.0
Cirrhosis Diabetes and Kidney Indicators,Bronx,2018,352.0
Cirrhosis Diabetes and Kidney Indicators,Brooklyn,2018,446.0
Cirrhosis Diabetes and Kidney Indicators,Manhattan,2018,264.0
Cirrhosis Diabetes and Kidney Indicators,Queens,2018,380.0
Cirrhosis Diabetes and Kidney Indicators,Staten,2018,88.0
Cirrhosis Diabetes and Kidney Indicators,Bronx,2018,352.0
Cirrhosis Diabetes and Kidney Indicators,Brooklyn,2018,446.0
Cirrhosis Diabetes and Kidney Indicators,Manhattan,2018,264.0
Cirrhosis Diabetes and Kidney Indicators,Queens,2018,380.0
Cirrhosis Diabetes and Kidney Indicators,Staten,2018,88.0
Cirrhosis Diabetes and Kidney Indicators,Bronx,2018,2578.0
Cirrhosis Diabetes and Kidney Indicators,Brooklyn,2018,2767.0
Cirrhosis Diabetes and Kidney Indicators,Manhattan,2018,1587.0
Cirrhosis Diabetes and Kidney Indicators,Queens,2018,2414.0
Cirrhosis Diabetes and Kidney Indicators,Staten,2018,447.0
Cirrhosis Diabetes and Kidney Indicators,Bronx,2018,2578.0
Cirrhosis Diabetes and Kidney Indicators,Brooklyn,2018,2767.0
Cirrhosis Diabetes and Kidney Indicators,Manhattan,2018,1587.0
Cirrhosis Diabetes and Kidney Indicators,Queens,2018,2414.0
Cirrhosis Diabetes and Kidney Indicators,Staten,2018,447.0
Cirrhosis Diabetes and Kidney Indicators,Bronx,2018,1109.0
Cirrhosis Diabetes and Kidney Indicators,Brooklyn,2018,1962.0
Cirrhosis Diabetes and Kidney Indicators,Manhattan,2018,822.0
Cirrhosis Diabetes and Kidney Indicators,Queens,2018,1251.0
Cirrhosis Diabetes and Kidney Indicators,Staten,2018,352.0
Cirrhosis Diabetes and Kidney Indicators,Bronx,2018,1109.0
Cirrhosis Diabetes and Kidney Indicators,Brooklyn,2018,1962.0
Cirrhosis Diabetes and Kidney Indicators,Manhattan,2018,822.0
Cirrhosis Diabetes and Kidney Indicators,Queens,2018,1251.0
Cirrhosis Diabetes and Kidney Indicators,Staten,2018,352.0
Cirrhosis Diabetes and Kidney Indicators,Bronx,2018,16081.0
Cirrhosis Diabetes and Kidney Indicators,Brooklyn,2018,17775.0
Cirrhosis Diabetes and Kidney Indicators,Manhattan,2018,8526.0
Cirrhosis Diabetes and Kidney Indicators,Queens,2018,12391.0
Cirrhosis Diabetes and Kidney Indicators,Staten,2018,3178.0
Cirrhosis Diabetes and Kidney Indicators,Bronx,2018,16081.0
Cirrhosis Diabetes and Kidney Indicators,Brooklyn,2018,17775.0
Cirrhosis Diabetes and Kidney Indicators,Manhattan,2018,8526.0
Cirrhosis Diabetes and Kidney Indicators,Queens,2018,12391.0
Cirrhosis Diabetes and Kidney Indicators,Staten,2018,3178.0
Cirrhosis Diabetes and Kidney Indicators,Bronx,2018,168920.0
Cirrhosis Diabetes and Kidney Indicators,Brooklyn,2018,198718.0
Cirrhosis Diabetes and Kidney Indicators,Manhattan,2018,97903.0
Cirrhosis Diabetes and Kidney Indicators,Queens,2018,175115.0
Cirrhosis Diabetes and Kidney Indicators,Staten,2018,40569.0
Cirrhosis Diabetes and Kidney Indicators,Bronx,2018,168920.0
Cirrhosis Diabetes and Kidney Indicators,Brooklyn,2018,198718.0
Cirrhosis Diabetes and Kidney Indicators,Manhattan,2018,97903.0
Cirrhosis Diabetes and Kidney Indicators,Queens,2018,175115.0
Cirrhosis Diabetes and Kidney Indicators,Staten,2018,40569.0
Cirrhosis Diabetes and Kidney Indicators,Bronx,2018,274.0
Cirrhosis Diabetes and Kidney Indicators,Brooklyn,2018,270.0
Cirrhosis Diabetes and Kidney Indicators,Manhattan,2018,102.0
Cirrhosis Diabetes and Kidney Indicators,Queens,2018,130.0
Cirrhosis Diabetes and Kidney Indicators,Staten,2018,33.0
Cirrhosis Diabetes and Kidney Indicators,Bronx,2018,2849.0
Cirrhosis Diabetes and Kidney Indicators,Brooklyn,2018,3336.0
Cirrhosis Diabetes and Kidney Indicators,Manhattan,2018,1773.0
Cirrhosis Diabetes and Kidney Indicators,Queens,2018,2150.0
Cirrhosis Diabetes and Kidney Indicators,Staten,2018,481.0
Cirrhosis Diabetes and Kidney Indicators,Bronx,2018,88206.0
Cirrhosis Diabetes and Kidney Indicators,Brooklyn,2018,105596.0
Cirrhosis Diabetes and Kidney Indicators,Manhattan,2018,56287.0
Cirrhosis Diabetes and Kidney Indicators,Queens,2018,86534.0
Cirrhosis Diabetes and Kidney Indicators,Staten,2018,23987.0
Cirrhosis Diabetes and Kidney Indicators,Bronx,2018,88206.0
Cirrhosis Diabetes and Kidney Indicators,Brooklyn,2018,105596.0
Cirrhosis Diabetes and Kidney Indicators,Manhattan,2018,56287.0
Cirrhosis Diabetes and Kidney Indicators,Queens,2018,86534.0
Cirrhosis Diabetes and Kidney Indicators,Staten,2018,23987.0
Cirrhosis Diabetes and Kidney Indicators,Bronx,2018,104616.0
Cirrhosis Diabetes and Kidney Indicators,Brooklyn,2018,116572.0
Cirrhosis Diabetes and Kidney Indicators,Manhattan,2018,63303.0
Cirrhosis Diabetes and Kidney Indicators,Queens,2018,89280.0
Cirrhosis Diabetes and Kidney Indicators,Staten,2018,25654.0
Cirrhosis Diabetes and Kidney Indicators,Bronx,2018,104616.0
Cirrhosis Diabetes and Kidney Indicators,Brooklyn,2018,116572.0
Cirrhosis Diabetes and Kidney Indicators,Manhattan,2018,63303.0
Cirrhosis Diabetes and Kidney Indicators,Queens,2018,89280.0
Cirrhosis Diabetes and Kidney Indicators,Staten,2018,25654.0
Communicable Disease Indicators,Bronx,2018,5577.0
Communicable Disease Indicators,Brooklyn,2018,6704.0
Communicable Disease Indicators,Manhattan,2018,4752.0
Communicable Disease Indicators,Queens,2018,8149.0
Communicable Disease Indicators,Staten,2018,1665.0
Communicable Disease Indicators,Bronx,2018,77.0
Communicable Disease Indicators,Brooklyn,2018,243.0
Communicable Disease Indicators,Manhattan,2018,138.0
Communicable Disease Indicators,Queens,2018,142.0
Communicable Disease Indicators,Staten,2018,42.0
Communicable Disease Indicators,Bronx,2018,43.0
Communicable Disease Indicators,Brooklyn,2018,164.0
Communicable Disease Indicators,Manhattan,2018,293.0
Communicable Disease Indicators,Queens,2018,121.0
Communicable Disease Indicators,Staten,2018,8.0
Communicable Disease Indicators,Bronx,2018,5.0
Communicable Disease Indicators,Brooklyn,2018,7.0
Communicable Disease Indicators,Manhattan,2018,8.0
Communicable Disease Indicators,Queens,2018,9.0
Communicable Disease Indicators,Staten,2018,1.0
Communicable Disease Indicators,Bronx,2018,67.0
Communicable Disease Indicators,Brooklyn,2018,121.0
Communicable Disease Indicators,Manhattan,2018,69.0
Communicable Disease Indicators,Queens,2018,96.0
Communicable Disease Indicators,Staten,2018,31.0
Communicable Disease Indicators,Bronx,2018,20.0
Communicable Disease Indicators,Brooklyn,2018,73.0
Communicable Disease Indicators,Manhattan,2018,79.0
Communicable Disease Indicators,Queens,2018,63.0
Communicable Disease Indicators,Staten,2018,9.0
Communicable Disease Indicators,Bronx,2018,29.0
Communicable Disease Indicators,Brooklyn,2018,37.0
Communicable Disease Indicators,Manhattan,2018,29.0
Communicable Disease Indicators,Queens,2018,28.0
Communicable Disease Indicators,Staten,2018,6.0
Communicable Disease Indicators,Bronx,2018,4444.0
Communicable Disease Indicators,Brooklyn,2018,6413.0
Communicable Disease Indicators,Manhattan,2018,4373.0
Communicable Disease Indicators,Queens,2018,4875.0
Communicable Disease Indicators,Staten,2018,924.0
Communicable Disease Indicators,Bronx,2018,268.0
Communicable Disease Indicators,Brooklyn,2018,520.0
Communicable Disease Indicators,Manhattan,2018,217.0
Communicable Disease Indicators,Queens,2018,691.0
Communicable Disease Indicators,Staten,2018,40.0
Communicable Disease Indicators,Bronx,2018,115.0
Communicable Disease Indicators,Brooklyn,2018,175.0
Communicable Disease Indicators,Manhattan,2018,250.0
Communicable Disease Indicators,Queens,2018,169.0
Communicable Disease Indicators,Staten,2018,23.0
Communicable Disease Indicators,Bronx,2018,553.0
Communicable Disease Indicators,Brooklyn,2018,1042.0
Communicable Disease Indicators,Manhattan,2018,716.0
Communicable Disease Indicators,Queens,2018,866.0
Communicable Disease Indicators,Staten,2018,119.0
Communicable Disease Indicators,Bronx,2018,263.0
Communicable Disease Indicators,Brooklyn,2018,519.0
Communicable Disease Indicators,Manhattan,2018,672.0
Communicable Disease Indicators,Queens,2018,340.0
Communicable Disease Indicators,Staten,2018,13.0
Communicable Disease Indicators,Bronx,2018,132.0
Communicable Disease Indicators,Brooklyn,2018,985.0
Communicable Disease Indicators,Manhattan,2018,969.0
Communicable Disease Indicators,Queens,2018,362.0
Communicable Disease Indicators,Staten,2018,334.0
Family Planning/Natality Indicators,Bronx,2018,6282.0
Family Planning/Natality Indicators,Brooklyn,2018,18544.0
Family Planning/Natality Indicators,Manhattan,2018,5099.0
Family Planning/Natality Indicators,Queens,2018,9338.0
Family Planning/Natality Indicators,Staten,2018,2272.0
Family Planning/Natality Indicators,Bronx,2018,810.0
Family Planning/Natality Indicators,Brooklyn,2018,661.0
Family Planning/Natality Indicators,Manhattan,2018,231.0
Family Planning/Natality Indicators,Queens,2018,504.0
Family Planning/Natality Indicators,Staten,2018,105.0
Family Planning/Natality Indicators,Bronx,2018,2997.0
Family Planning/Natality Indicators,Brooklyn,2018,2902.0
Family Planning/Natality Indicators,Manhattan,2018,913.0
Family Planning/Natality Indicators,Queens,2018,2010.0
Family Planning/Natality Indicators,Staten,2018,374.0
Family Planning/Natality Indicators,Bronx,2018,12139.0
Family Planning/Natality Indicators,Brooklyn,2018,30321.0
Family Planning/Natality Indicators,Manhattan,2018,18286.0
Family Planning/Natality Indicators,Queens,2018,21980.0
Family Planning/Natality Indicators,Staten,2018,3817.0
Family Planning/Natality Indicators,Bronx,2018,60855.0
Family Planning/Natality Indicators,Brooklyn,2018,118305.0
Family Planning/Natality Indicators,Manhattan,2018,50848.0
Family Planning/Natality Indicators,Queens,2018,87029.0
Family Planning/Natality Indicators,Staten,2018,15866.0
Family Planning/Natality Indicators,Bronx,2018,31.0
Family Planning/Natality Indicators,Brooklyn,2018,26.0
Family Planning/Natality Indicators,Manhattan,2018,8.0
Family Planning/Natality Indicators,Queens,2018,22.0
Family Planning/Natality Indicators,Staten,2018,7.0
Family Planning/Natality Indicators,Bronx,2018,810.0
Family Planning/Natality Indicators,Brooklyn,2018,661.0
Family Planning/Natality Indicators,Manhattan,2018,231.0
Family Planning/Natality Indicators,Queens,2018,504.0
Family Planning/Natality Indicators,Staten,2018,105.0
Family Planning/Natality Indicators,Bronx,2018,2997.0
Family Planning/Natality Indicators,Brooklyn,2018,2902.0
Family Planning/Natality Indicators,Manhattan,2018,913.0
Family Planning/Natality Indicators,Queens,2018,2010.0
Family Planning/Natality Indicators,Staten,2018,374.0
Family Planning/Natality Indicators,Bronx,2018,2187.0
Family Planning/Natality Indicators,Brooklyn,2018,2241.0
Family Planning/Natality Indicators,Manhattan,2018,682.0
Family Planning/Natality Indicators,Queens,2018,1506.0
Family Planning/Natality Indicators,Staten,2018,269.0
Family Planning/Natality Indicators,Bronx,2018,103463.0
Family Planning/Natality Indicators,Brooklyn,2018,170379.0
Family Planning/Natality Indicators,Manhattan,2018,83700.0
Family Planning/Natality Indicators,Queens,2018,131255.0
Family Planning/Natality Indicators,Staten,2018,23077.0
Family Planning/Natality Indicators,Bronx,2018,2260.0
Family Planning/Natality Indicators,Brooklyn,2018,2176.0
Family Planning/Natality Indicators,Manhattan,2018,965.0
Family Planning/Natality Indicators,Queens,2018,1580.0
Family Planning/Natality Indicators,Staten,2018,314.0
Family Planning/Natality Indicators,Bronx,2018,6722.0
Family Planning/Natality Indicators,Brooklyn,2018,7030.0
Family Planning/Natality Indicators,Manhattan,2018,2962.0
Family Planning/Natality Indicators,Queens,2018,5261.0
Family Planning/Natality Indicators,Staten,2018,947.0
Family Planning/Natality Indicators,Bronx,2018,4627.0
Family Planning/Natality Indicators,Brooklyn,2018,4975.0
Family Planning/Natality Indicators,Manhattan,2018,2054.0
Family Planning/Natality Indicators,Queens,2018,3772.0
Family Planning/Natality Indicators,Staten,2018,648.0
Family Planning/Natality Indicators,Bronx,2018,38687.0
Family Planning/Natality Indicators,Brooklyn,2018,44001.0
Family Planning/Natality Indicators,Manhattan,2018,28542.0
Family Planning/Natality Indicators,Queens,2018,37624.0
Family Planning/Natality Indicators,Staten,2018,5879.0
HIV/AIDS and STI Indicators,Bronx,2018,1510.0
HIV/AIDS and STI Indicators,Brooklyn,2018,1823.0
HIV/AIDS and STI Indicators,Manhattan,2018,1266.0
HIV/AIDS and STI Indicators,Queens,2018,1335.0
HIV/AIDS and STI Indicators,Staten,2018,151.0
HIV/AIDS and STI Indicators,Bronx,2018,1510.0
HIV/AIDS and STI Indicators,Brooklyn,2018,1823.0
HIV/AIDS and STI Indicators,Manhattan,2018,1266.0
HIV/AIDS and STI Indicators,Queens,2018,1335.0
HIV/AIDS and STI Indicators,Staten,2018,151.0
HIV/AIDS and STI Indicators,Bronx,2018,352.0
HIV/AIDS and STI Indicators,Brooklyn,2018,380.0
HIV/AIDS and STI Indicators,Manhattan,2018,200.0
HIV/AIDS and STI Indicators,Queens,2018,129.0
HIV/AIDS and STI Indicators,Staten,2018,39.0
HIV/AIDS and STI Indicators,Bronx,2018,352.0
HIV/AIDS and STI Indicators,Brooklyn,2018,380.0
HIV/AIDS and STI Indicators,Manhattan,2018,200.0
HIV/AIDS and STI Indicators,Queens,2018,129.0
HIV/AIDS and STI Indicators,Staten,2018,39.0
HIV/AIDS and STI Indicators,Bronx,2018,3352.0
HIV/AIDS and STI Indicators,Brooklyn,2018,4002.0
HIV/AIDS and STI Indicators,Manhattan,2018,5547.0
HIV/AIDS and STI Indicators,Queens,2018,2565.0
HIV/AIDS and STI Indicators,Staten,2018,205.0
HIV/AIDS and STI Indicators,Bronx,2018,8337.0
HIV/AIDS and STI Indicators,Brooklyn,2018,14301.0
HIV/AIDS and STI Indicators,Manhattan,2018,17759.0
HIV/AIDS and STI Indicators,Queens,2018,6863.0
HIV/AIDS and STI Indicators,Staten,2018,661.0
HIV/AIDS and STI Indicators,Bronx,2018,4440.0
HIV/AIDS and STI Indicators,Brooklyn,2018,4521.0
HIV/AIDS and STI Indicators,Manhattan,2018,2581.0
HIV/AIDS and STI Indicators,Queens,2018,2298.0
HIV/AIDS and STI Indicators,Staten,2018,360.0
HIV/AIDS and STI Indicators,Bronx,2018,2598.0
HIV/AIDS and STI Indicators,Brooklyn,2018,2545.0
HIV/AIDS and STI Indicators,Manhattan,2018,1390.0
HIV/AIDS and STI Indicators,Queens,2018,1194.0
HIV/AIDS and STI Indicators,Staten,2018,187.0
HIV/AIDS and STI Indicators,Bronx,2018,17710.0
HIV/AIDS and STI Indicators,Brooklyn,2018,25022.0
HIV/AIDS and STI Indicators,Manhattan,2018,24496.0
HIV/AIDS and STI Indicators,Queens,2018,15471.0
HIV/AIDS and STI Indicators,Staten,2018,1613.0
HIV/AIDS and STI Indicators,Bronx,2018,3530.0
HIV/AIDS and STI Indicators,Brooklyn,2018,3710.0
HIV/AIDS and STI Indicators,Manhattan,2018,1618.0
HIV/AIDS and STI Indicators,Queens,2018,2245.0
HIV/AIDS and STI Indicators,Staten,2018,278.0
HIV/AIDS and STI Indicators,Bronx,2018,5594.0
HIV/AIDS and STI Indicators,Brooklyn,2018,6836.0
HIV/AIDS and STI Indicators,Manhattan,2018,5149.0
HIV/AIDS and STI Indicators,Queens,2018,4352.0
HIV/AIDS and STI Indicators,Staten,2018,593.0
HIV/AIDS and STI Indicators,Bronx,2018,32020.0
HIV/AIDS and STI Indicators,Brooklyn,2018,34187.0
HIV/AIDS and STI Indicators,Manhattan,2018,20498.0
HIV/AIDS and STI Indicators,Queens,2018,22962.0
HIV/AIDS and STI Indicators,Staten,2018,3171.0
HIV/AIDS and STI Indicators,Bronx,2018,10842.0
HIV/AIDS and STI Indicators,Brooklyn,2018,10027.0
HIV/AIDS and STI Indicators,Manhattan,2018,4952.0
HIV/AIDS and STI Indicators,Queens,2018,5772.0
HIV/AIDS and STI Indicators,Staten,2018,1002.0
HIV/AIDS and STI Indicators,Bronx,2018,11392.0
HIV/AIDS and STI Indicators,Brooklyn,2018,11757.0
HIV/AIDS and STI Indicators,Manhattan,2018,7720.0
HIV/AIDS and STI Indicators,Queens,2018,7933.0
HIV/AIDS and STI Indicators,Staten,2018,1216.0
HIV/AIDS and STI Indicators,Bronx,2018,24496.0
HIV/AIDS and STI Indicators,Brooklyn,2018,26522.0
HIV/AIDS and STI Indicators,Manhattan,2018,9794.0
HIV/AIDS and STI Indicators,Queens,2018,22164.0
HIV/AIDS and STI Indicators,Staten,2018,2806.0
HIV/AIDS and STI Indicators,Bronx,2018,622.0
HIV/AIDS and STI Indicators,Brooklyn,2018,493.0
HIV/AIDS and STI Indicators,Manhattan,2018,218.0
HIV/AIDS and STI Indicators,Queens,2018,395.0
HIV/AIDS and STI Indicators,Staten,2018,75.0
Injury Indicators,Bronx,2018,239.0
Injury Indicators,Brooklyn,2018,416.0
Injury Indicators,Manhattan,2018,390.0
Injury Indicators,Queens,2018,452.0
Injury Indicators,Staten,2018,104.0
Injury Indicators,Bronx,2018,239.0
Injury Indicators,Brooklyn,2018,416.0
Injury Indicators,Manhattan,2018,390.0
Injury Indicators,Queens,2018,452.0
Injury Indicators,Staten,2018,104.0
Injury Indicators,Bronx,2018,10.0
Injury Indicators,Brooklyn,2018,14.0
Injury Indicators,Manhattan,2018,8.0
Injury Indicators,Queens,2018,16.0
Injury Indicators,Staten,2018,2.0
Injury Indicators,Bronx,2018,1592.0
Injury Indicators,Brooklyn,2018,1962.0
Injury Indicators,Manhattan,2018,1404.0
Injury Indicators,Queens,2018,1508.0
Injury Indicators,Staten,2018,457.0
Injury Indicators,Bronx,2018,1592.0
Injury Indicators,Brooklyn,2018,1962.0
Injury Indicators,Manhattan,2018,1404.0
Injury Indicators,Queens,2018,1508.0
Injury Indicators,Staten,2018,457.0
Injury Indicators,Bronx,2018,219.0
Injury Indicators,Brooklyn,2018,282.0
Injury Indicators,Manhattan,2018,121.0
Injury Indicators,Queens,2018,217.0
Injury Indicators,Staten,2018,44.0
Injury Indicators,Bronx,2018,276.0
Injury Indicators,Brooklyn,2018,377.0
Injury Indicators,Manhattan,2018,101.0
Injury Indicators,Queens,2018,165.0
Injury Indicators,Staten,2018,35.0
Injury Indicators,Bronx,2018,276.0
Injury Indicators,Brooklyn,2018,377.0
Injury Indicators,Manhattan,2018,101.0
Injury Indicators,Queens,2018,165.0
Injury Indicators,Staten,2018,35.0
Injury Indicators,Bronx,2018,3546.0
Injury Indicators,Brooklyn,2018,3083.0
Injury Indicators,Manhattan,2018,1758.0
Injury Indicators,Queens,2018,2127.0
Injury Indicators,Staten,2018,518.0
Injury Indicators,Bronx,2018,3546.0
Injury Indicators,Brooklyn,2018,3083.0
Injury Indicators,Manhattan,2018,1758.0
Injury Indicators,Queens,2018,2127.0
Injury Indicators,Staten,2018,518.0
Injury Indicators,Bronx,2018,1595.0
Injury Indicators,Brooklyn,2018,1873.0
Injury Indicators,Manhattan,2018,1287.0
Injury Indicators,Queens,2018,1700.0
Injury Indicators,Staten,2018,533.0
Injury Indicators,Bronx,2018,1595.0
Injury Indicators,Brooklyn,2018,1873.0
Injury Indicators,Manhattan,2018,1287.0
Injury Indicators,Queens,2018,1700.0
Injury Indicators,Staten,2018,533.0
Injury Indicators,Bronx,2018,29214.0
Injury Indicators,Brooklyn,2018,39615.0
Injury Indicators,Manhattan,2018,27295.0
Injury Indicators,Queens,2018,38603.0
Injury Indicators,Staten,2018,11843.0
Injury Indicators,Bronx,2018,29214.0
Injury Indicators,Brooklyn,2018,39615.0
Injury Indicators,Manhattan,2018,27295.0
Injury Indicators,Queens,2018,38603.0
Injury Indicators,Staten,2018,11843.0
Injury Indicators,Bronx,2018,1432.0
Injury Indicators,Brooklyn,2018,1880.0
Injury Indicators,Manhattan,2018,792.0
Injury Indicators,Queens,2018,1368.0
Injury Indicators,Staten,2018,605.0
Injury Indicators,Bronx,2018,473.0
Injury Indicators,Brooklyn,2018,650.0
Injury Indicators,Manhattan,2018,236.0
Injury Indicators,Queens,2018,386.0
Injury Indicators,Staten,2018,196.0
Injury Indicators,Bronx,2018,1640.0
Injury Indicators,Brooklyn,2018,2109.0
Injury Indicators,Manhattan,2018,942.0
Injury Indicators,Queens,2018,1504.0
Injury Indicators,Staten,2018,476.0
Injury Indicators,Bronx,2018,14827.0
Injury Indicators,Brooklyn,2018,16309.0
Injury Indicators,Manhattan,2018,10282.0
Injury Indicators,Queens,2018,13367.0
Injury Indicators,Staten,2018,4222.0
Injury Indicators,Bronx,2018,10842.0
Injury Indicators,Brooklyn,2018,18667.0
Injury Indicators,Manhattan,2018,15043.0
Injury Indicators,Queens,2018,21978.0
Injury Indicators,Staten,2018,6344.0
Injury Indicators,Bronx,2018,14030.0
Injury Indicators,Brooklyn,2018,21900.0
Injury Indicators,Manhattan,2018,16397.0
Injury Indicators,Queens,2018,25208.0
Injury Indicators,Staten,2018,7364.0
Injury Indicators,Bronx,2018,14030.0
Injury Indicators,Brooklyn,2018,21900.0
Injury Indicators,Manhattan,2018,16397.0
Injury Indicators,Queens,2018,25208.0
Injury Indicators,Staten,2018,7364.0
Injury Indicators,Bronx,2018,543.0
Injury Indicators,Brooklyn,2018,652.0
Injury Indicators,Manhattan,2018,302.0
Injury Indicators,Queens,2018,616.0
Injury Indicators,Staten,2018,322.0
Injury Indicators,Bronx,2018,168.0
Injury Indicators,Brooklyn,2018,231.0
Injury Indicators,Manhattan,2018,100.0
Injury Indicators,Queens,2018,161.0
Injury Indicators,Staten,2018,51.0
Injury Indicators,Bronx,2018,357.0
Injury Indicators,Brooklyn,2018,522.0
Injury Indicators,Manhattan,2018,245.0
Injury Indicators,Queens,2018,379.0
Injury Indicators,Staten,2018,99.0
Injury Indicators,Bronx,2018,5157.0
Injury Indicators,Brooklyn,2018,6684.0
Injury Indicators,Manhattan,2018,4135.0
Injury Indicators,Queens,2018,6177.0
Injury Indicators,Staten,2018,1836.0
Injury Indicators,Bronx,2018,2318.0
Injury Indicators,Brooklyn,2018,3549.0
Injury Indicators,Manhattan,2018,2750.0
Injury Indicators,Queens,2018,4239.0
Injury Indicators,Staten,2018,1351.0
Injury Indicators,Bronx,2018,2761.0
Injury Indicators,Brooklyn,2018,4744.0
Injury Indicators,Manhattan,2018,3941.0
Injury Indicators,Queens,2018,6016.0
Injury Indicators,Staten,2018,1791.0
Injury Indicators,Bronx,2018,2726.0
Injury Indicators,Brooklyn,2018,5518.0
Injury Indicators,Manhattan,2018,4924.0
Injury Indicators,Queens,2018,7620.0
Injury Indicators,Staten,2018,1914.0
Injury Indicators,Bronx,2018,6930.0
Injury Indicators,Brooklyn,2018,4663.0
Injury Indicators,Manhattan,2018,4307.0
Injury Indicators,Queens,2018,3159.0
Injury Indicators,Staten,2018,1148.0
Injury Indicators,Bronx,2018,6930.0
Injury Indicators,Brooklyn,2018,4663.0
Injury Indicators,Manhattan,2018,4307.0
Injury Indicators,Queens,2018,3159.0
Injury Indicators,Staten,2018,1148.0
Injury Indicators,Bronx,2018,147.0
Injury Indicators,Brooklyn,2018,224.0
Injury Indicators,Manhattan,2018,109.0
Injury Indicators,Queens,2018,271.0
Injury Indicators,Staten,2018,52.0
Injury Indicators,Bronx,2018,147.0
Injury Indicators,Brooklyn,2018,224.0
Injury Indicators,Manhattan,2018,109.0
Injury Indicators,Queens,2018,271.0
Injury Indicators,Staten,2018,52.0
Injury Indicators,Bronx,2018,1448.0
Injury Indicators,Brooklyn,2018,1649.0
Injury Indicators,Manhattan,2018,1178.0
Injury Indicators,Queens,2018,1429.0
Injury Indicators,Staten,2018,481.0
Injury Indicators,Bronx,2018,1448.0
Injury Indicators,Brooklyn,2018,1649.0
Injury Indicators,Manhattan,2018,1178.0
Injury Indicators,Queens,2018,1429.0
Injury Indicators,Staten,2018,481.0
Injury Indicators,Bronx,2018,3906.0
Injury Indicators,Brooklyn,2018,5325.0
Injury Indicators,Manhattan,2018,3620.0
Injury Indicators,Queens,2018,5131.0
Injury Indicators,Staten,2018,2005.0
Injury Indicators,Bronx,2018,3906.0
Injury Indicators,Brooklyn,2018,5325.0
Injury Indicators,Manhattan,2018,3620.0
Injury Indicators,Queens,2018,5131.0
Injury Indicators,Staten,2018,2005.0
Injury Indicators,Bronx,2018,1053.0
Injury Indicators,Brooklyn,2018,1719.0
Injury Indicators,Manhattan,2018,801.0
Injury Indicators,Queens,2018,1507.0
Injury Indicators,Staten,2018,363.0
Maternal and Infant Health Indicators,Bronx,2018,10461.0
Maternal and Infant Health Indicators,Brooklyn,2018,13446.0
Maternal and Infant Health Indicators,Manhattan,2018,3074.0
Maternal and Infant Health Indicators,Queens,2018,10436.0
Maternal and Infant Health Indicators,Staten,2018,1290.0
Maternal and Infant Health Indicators,Bronx,2018,37421.0
Maternal and Infant Health Indicators,Brooklyn,2018,38904.0
Maternal and Infant Health Indicators,Manhattan,2018,14400.0
Maternal and Infant Health Indicators,Queens,2018,30616.0
Maternal and Infant Health Indicators,Staten,2018,5176.0
Maternal and Infant Health Indicators,Bronx,2018,23807.0
Maternal and Infant Health Indicators,Brooklyn,2018,46846.0
Maternal and Infant Health Indicators,Manhattan,2018,27303.0
Maternal and Infant Health Indicators,Queens,2018,38203.0
Maternal and Infant Health Indicators,Staten,2018,6236.0
Maternal and Infant Health Indicators,Bronx,2018,1975.0
Maternal and Infant Health Indicators,Brooklyn,2018,3854.0
Maternal and Infant Health Indicators,Manhattan,2018,2034.0
Maternal and Infant Health Indicators,Queens,2018,2794.0
Maternal and Infant Health Indicators,Staten,2018,669.0
Maternal and Infant Health Indicators,Bronx,2018,35805.0
Maternal and Infant Health Indicators,Brooklyn,2018,89004.0
Maternal and Infant Health Indicators,Manhattan,2018,40830.0
Maternal and Infant Health Indicators,Queens,2018,64491.0
Maternal and Infant Health Indicators,Staten,2018,13721.0
Maternal and Infant Health Indicators,Bronx,2018,6368.0
Maternal and Infant Health Indicators,Brooklyn,2018,6699.0
Maternal and Infant Health Indicators,Manhattan,2018,2315.0
Maternal and Infant Health Indicators,Queens,2018,6076.0
Maternal and Infant Health Indicators,Staten,2018,380.0
Maternal and Infant Health Indicators,Bronx,2018,38201.0
Maternal and Infant Health Indicators,Brooklyn,2018,85303.0
Maternal and Infant Health Indicators,Manhattan,2018,39598.0
Maternal and Infant Health Indicators,Queens,2018,61862.0
Maternal and Infant Health Indicators,Staten,2018,12030.0
Maternal and Infant Health Indicators,Bronx,2011,42202.0
Maternal and Infant Health Indicators,Brooklyn,2011,69476.0
Maternal and Infant Health Indicators,Manhattan,2011,30491.0
Maternal and Infant Health Indicators,Queens,2011,43269.0
Maternal and Infant Health Indicators,Staten,2011,5442.0
Maternal and Infant Health Indicators,Bronx,2012,1920.0
Maternal and Infant Health Indicators,Brooklyn,2012,5378.0
Maternal and Infant Health Indicators,Manhattan,2012,1869.0
Maternal and Infant Health Indicators,Queens,2012,2825.0
Maternal and Infant Health Indicators,Staten,2012,234.0
Maternal and Infant Health Indicators,Bronx,2012,15576.0
Maternal and Infant Health Indicators,Brooklyn,2012,22641.0
Maternal and Infant Health Indicators,Manhattan,2012,9607.0
Maternal and Infant Health Indicators,Queens,2012,14538.0
Maternal and Infant Health Indicators,Staten,2012,1882.0
Maternal and Infant Health Indicators,Bronx,2012,14400.0
Maternal and Infant Health Indicators,Brooklyn,2012,18479.0
Maternal and Infant Health Indicators,Manhattan,2012,7387.0
Maternal and Infant Health Indicators,Queens,2012,9595.0
Maternal and Infant Health Indicators,Staten,2012,1638.0
Maternal and Infant Health Indicators,Bronx,2011,2402.0
Maternal and Infant Health Indicators,Brooklyn,2011,3635.0
Maternal and Infant Health Indicators,Manhattan,2011,1456.0
Maternal and Infant Health Indicators,Queens,2011,2276.0
Maternal and Infant Health Indicators,Staten,2011,225.0
Maternal and Infant Health Indicators,Bronx,2011,18690.0
Maternal and Infant Health Indicators,Brooklyn,2011,27365.0
Maternal and Infant Health Indicators,Manhattan,2011,13238.0
Maternal and Infant Health Indicators,Queens,2011,16498.0
Maternal and Infant Health Indicators,Staten,2011,2716.0
Maternal and Infant Health Indicators,Bronx,2011,2482.0
Maternal and Infant Health Indicators,Brooklyn,2011,3702.0
Maternal and Infant Health Indicators,Manhattan,2011,1708.0
Maternal and Infant Health Indicators,Queens,2011,3117.0
Maternal and Infant Health Indicators,Staten,2011,315.0
Maternal and Infant Health Indicators,Bronx,2011,3351.0
Maternal and Infant Health Indicators,Brooklyn,2011,3798.0
Maternal and Infant Health Indicators,Manhattan,2011,2146.0
Maternal and Infant Health Indicators,Queens,2011,2399.0
Maternal and Infant Health Indicators,Staten,2011,373.0
Maternal and Infant Health Indicators,Bronx,2018,49517.0
Maternal and Infant Health Indicators,Brooklyn,2018,98268.0
Maternal and Infant Health Indicators,Manhattan,2018,43895.0
Maternal and Infant Health Indicators,Queens,2018,68451.0
Maternal and Infant Health Indicators,Staten,2018,10319.0
Maternal and Infant Health Indicators,Bronx,2018,15599.0
Maternal and Infant Health Indicators,Brooklyn,2018,44601.0
Maternal and Infant Health Indicators,Manhattan,2018,27858.0
Maternal and Infant Health Indicators,Queens,2018,31509.0
Maternal and Infant Health Indicators,Staten,2018,4182.0
Maternal and Infant Health Indicators,Bronx,2018,21764.0
Maternal and Infant Health Indicators,Brooklyn,2018,35214.0
Maternal and Infant Health Indicators,Manhattan,2018,17113.0
Maternal and Infant Health Indicators,Queens,2018,30715.0
Maternal and Infant Health Indicators,Staten,2018,5853.0
Maternal and Infant Health Indicators,Bronx,2018,284.0
Maternal and Infant Health Indicators,Brooklyn,2018,437.0
Maternal and Infant Health Indicators,Manhattan,2018,147.0
Maternal and Infant Health Indicators,Queens,2018,344.0
Maternal and Infant Health Indicators,Staten,2018,75.0
Maternal and Infant Health Indicators,Bronx,2018,166.0
Maternal and Infant Health Indicators,Brooklyn,2018,281.0
Maternal and Infant Health Indicators,Manhattan,2018,99.0
Maternal and Infant Health Indicators,Queens,2018,236.0
Maternal and Infant Health Indicators,Staten,2018,57.0
Maternal and Infant Health Indicators,Bronx,2018,118.0
Maternal and Infant Health Indicators,Brooklyn,2018,156.0
Maternal and Infant Health Indicators,Manhattan,2018,48.0
Maternal and Infant Health Indicators,Queens,2018,108.0
Maternal and Infant Health Indicators,Staten,2018,18.0
Maternal and Infant Health Indicators,Bronx,2018,582.0
Maternal and Infant Health Indicators,Brooklyn,2018,1049.0
Maternal and Infant Health Indicators,Manhattan,2018,306.0
Maternal and Infant Health Indicators,Queens,2018,591.0
Maternal and Infant Health Indicators,Staten,2018,137.0
Maternal and Infant Health Indicators,Bronx,2018,748.0
Maternal and Infant Health Indicators,Brooklyn,2018,1330.0
Maternal and Infant Health Indicators,Manhattan,2018,405.0
Maternal and Infant Health Indicators,Queens,2018,827.0
Maternal and Infant Health Indicators,Staten,2018,194.0
Maternal and Infant Health Indicators,Bronx,2018,359.0
Maternal and Infant Health Indicators,Brooklyn,2018,609.0
Maternal and Infant Health Indicators,Manhattan,2018,198.0
Maternal and Infant Health Indicators,Queens,2018,435.0
Maternal and Infant Health Indicators,Staten,2018,96.0
Maternal and Infant Health Indicators,Bronx,2018,11.0
Maternal and Infant Health Indicators,Brooklyn,2018,28.0
Maternal and Infant Health Indicators,Manhattan,2018,11.0
Maternal and Infant Health Indicators,Queens,2018,8.0
Maternal and Infant Health Indicators,Staten,2018,3.0
Maternal and Infant Health Indicators,Bronx,2018,1124.0
Maternal and Infant Health Indicators,Brooklyn,2018,1517.0
Maternal and Infant Health Indicators,Manhattan,2018,569.0
Maternal and Infant Health Indicators,Queens,2018,1182.0
Maternal and Infant Health Indicators,Staten,2018,198.0
Maternal and Infant Health Indicators,Bronx,2018,875.0
Maternal and Infant Health Indicators,Brooklyn,2018,1153.0
Maternal and Infant Health Indicators,Manhattan,2018,381.0
Maternal and Infant Health Indicators,Queens,2018,865.0
Maternal and Infant Health Indicators,Staten,2018,141.0
Maternal and Infant Health Indicators,Bronx,2018,5887.0
Maternal and Infant Health Indicators,Brooklyn,2018,9174.0
Maternal and Infant Health Indicators,Manhattan,2018,4128.0
Maternal and Infant Health Indicators,Queens,2018,7346.0
Maternal and Infant Health Indicators,Staten,2018,1285.0
Maternal and Infant Health Indicators,Bronx,2018,4675.0
Maternal and Infant Health Indicators,Brooklyn,2018,6937.0
Maternal and Infant Health Indicators,Manhattan,2018,2918.0
Maternal and Infant Health Indicators,Queens,2018,5715.0
Maternal and Infant Health Indicators,Staten,2018,913.0
Maternal and Infant Health Indicators,Bronx,2018,1138.0
Maternal and Infant Health Indicators,Brooklyn,2018,1604.0
Maternal and Infant Health Indicators,Manhattan,2018,631.0
Maternal and Infant Health Indicators,Queens,2018,1237.0
Maternal and Infant Health Indicators,Staten,2018,205.0
Maternal and Infant Health Indicators,Bronx,2018,4790.0
Maternal and Infant Health Indicators,Brooklyn,2018,8513.0
Maternal and Infant Health Indicators,Manhattan,2018,3713.0
Maternal and Infant Health Indicators,Queens,2018,6413.0
Maternal and Infant Health Indicators,Staten,2018,1236.0
Maternal and Infant Health Indicators,Bronx,2018,5928.0
Maternal and Infant Health Indicators,Brooklyn,2018,10117.0
Maternal and Infant Health Indicators,Manhattan,2018,4344.0
Maternal and Infant Health Indicators,Queens,2018,7650.0
Maternal and Infant Health Indicators,Staten,2018,1441.0
Maternal and Infant Health Indicators,Bronx,2018,389.0
Maternal and Infant Health Indicators,Brooklyn,2018,563.0
Maternal and Infant Health Indicators,Manhattan,2018,267.0
Maternal and Infant Health Indicators,Queens,2018,379.0
Maternal and Infant Health Indicators,Staten,2018,85.0
Obesity and Related Indicators,Bronx,2012,15576.0
Obesity and Related Indicators,Brooklyn,2012,22641.0
Obesity and Related Indicators,Manhattan,2012,9607.0
Obesity and Related Indicators,Queens,2012,14538.0
Obesity and Related Indicators,Staten,2012,1882.0
Obesity and Related Indicators,Bronx,2012,14400.0
Obesity and Related Indicators,Brooklyn,2012,18479.0
Obesity and Related Indicators,Manhattan,2012,7387.0
Obesity and Related Indicators,Queens,2012,9595.0
Obesity and Related Indicators,Staten,2012,1638.0
Obesity and Related Indicators,Bronx,2018,10718.0
Obesity and Related Indicators,Brooklyn,2018,19470.0
Obesity and Related Indicators,Manhattan,2018,10647.0
Obesity and Related Indicators,Queens,2018,18114.0
Obesity and Related Indicators,Staten,2018,4658.0
Obesity and Related Indicators,Bronx,2018,1112.0
Obesity and Related Indicators,Brooklyn,2018,1555.0
Obesity and Related Indicators,Manhattan,2018,1066.0
Obesity and Related Indicators,Queens,2018,1724.0
Obesity and Related Indicators,Staten,2018,269.0
Obesity and Related Indicators,Bronx,2018,1109.0
Obesity and Related Indicators,Brooklyn,2018,1962.0
Obesity and Related Indicators,Manhattan,2018,822.0
Obesity and Related Indicators,Queens,2018,1251.0
Obesity and Related Indicators,Staten,2018,352.0
Obesity and Related Indicators,Bronx,2018,75163.0
Obesity and Related Indicators,Brooklyn,2018,107958.0
Obesity and Related Indicators,Manhattan,2018,57659.0
Obesity and Related Indicators,Queens,2018,99230.0
Obesity and Related Indicators,Staten,2018,24119.0
Obesity and Related Indicators,Bronx,2018,11657.0
Obesity and Related Indicators,Brooklyn,2018,18273.0
Obesity and Related Indicators,Manhattan,2018,10035.0
Obesity and Related Indicators,Queens,2018,16157.0
Obesity and Related Indicators,Staten,2018,3875.0
Obesity and Related Indicators,Bronx,2018,16081.0
Obesity and Related Indicators,Brooklyn,2018,17775.0
Obesity and Related Indicators,Manhattan,2018,8526.0
Obesity and Related Indicators,Queens,2018,12391.0
Obesity and Related Indicators,Staten,2018,3178.0
Occupational Health Indicators,Bronx,2017,18.0
Occupational Health Indicators,Brooklyn,2017,49.0
Occupational Health Indicators,Manhattan,2017,29.0
Occupational Health Indicators,Queens,2017,42.0
Occupational Health Indicators,Staten,2017,18.0
Occupational Health Indicators,Bronx,2017,43.0
Occupational Health Indicators,Brooklyn,2017,56.0
Occupational Health Indicators,Manhattan,2017,36.0
Occupational Health Indicators,Queens,2017,78.0
Occupational Health Indicators,Staten,2017,42.0
Occupational Health Indicators,Bronx,2017,31.0
Occupational Health Indicators,Brooklyn,2017,31.0
Occupational Health Indicators,Manhattan,2017,23.0
Occupational Health Indicators,Queens,2017,64.0
Occupational Health Indicators,Staten,2017,35.0
Occupational Health Indicators,Bronx,2017,2723.0
Occupational Health Indicators,Brooklyn,2017,2615.0
Occupational Health Indicators,Manhattan,2017,1100.0
Occupational Health Indicators,Queens,2017,3612.0
Occupational Health Indicators,Staten,2017,955.0
Occupational Health Indicators,Bronx,2018,283.0
Occupational Health Indicators,Brooklyn,2018,580.0
Occupational Health Indicators,Manhattan,2018,158.0
Occupational Health Indicators,Queens,2018,590.0
Occupational Health Indicators,Staten,2018,167.0
Oral Health Indicators,Bronx,2018,3207.0
Oral Health Indicators,Brooklyn,2018,6427.0
Oral Health Indicators,Manhattan,2018,1753.0
Oral Health Indicators,Queens,2018,2639.0
Oral Health Indicators,Staten,2018,1414.0
Oral Health Indicators,Bronx,2018,126606.0
Oral Health Indicators,Brooklyn,2018,202236.0
Oral Health Indicators,Manhattan,2018,47727.0
Oral Health Indicators,Queens,2018,160062.0
Oral Health Indicators,Staten,2018,23042.0
Oral Health Indicators,Bronx,2017,451.0
Oral Health Indicators,Brooklyn,2017,768.0
Oral Health Indicators,Manhattan,2017,683.0
Oral Health Indicators,Queens,2017,756.0
Oral Health Indicators,Staten,2017,167.0
Oral Health Indicators,Bronx,2017,451.0
Oral Health Indicators,Brooklyn,2017,768.0
Oral Health Indicators,Manhattan,2017,683.0
Oral Health Indicators,Queens,2017,756.0
Oral Health Indicators,Staten,2017,167.0
Oral Health Indicators,Bronx,2017,154.0
Oral Health Indicators,Brooklyn,2017,151.0
Oral Health Indicators,Manhattan,2017,149.0
Oral Health Indicators,Queens,2017,152.0
Oral Health Indicators,Staten,2017,30.0
Oral Health Indicators,Bronx,2017,154.0
Oral Health Indicators,Brooklyn,2017,151.0
Oral Health Indicators,Manhattan,2017,149.0
Oral Health Indicators,Queens,2017,152.0
Oral Health Indicators,Staten,2017,30.0
Oral Health Indicators,Bronx,2017,98.0
Oral Health Indicators,Brooklyn,2017,101.0
Oral Health Indicators,Manhattan,2017,88.0
Oral Health Indicators,Queens,2017,94.0
Oral Health Indicators,Staten,2017,23.0
Respiratory Disease Indicators,Bronx,2018,1035.0
Respiratory Disease Indicators,Brooklyn,2018,1360.0
Respiratory Disease Indicators,Manhattan,2018,980.0
Respiratory Disease Indicators,Queens,2018,1367.0
Respiratory Disease Indicators,Staten,2018,473.0
Respiratory Disease Indicators,Bronx,2018,1035.0
Respiratory Disease Indicators,Brooklyn,2018,1360.0
Respiratory Disease Indicators,Manhattan,2018,980.0
Respiratory Disease Indicators,Queens,2018,1367.0
Respiratory Disease Indicators,Staten,2018,473.0
Respiratory Disease Indicators,Bronx,2018,27144.0
Respiratory Disease Indicators,Brooklyn,2018,22808.0
Respiratory Disease Indicators,Manhattan,2018,11061.0
Respiratory Disease Indicators,Queens,2018,16542.0
Respiratory Disease Indicators,Staten,2018,5141.0
Respiratory Disease Indicators,Bronx,2018,27144.0
Respiratory Disease Indicators,Brooklyn,2018,22808.0
Respiratory Disease Indicators,Manhattan,2018,11061.0
Respiratory Disease Indicators,Queens,2018,16542.0
Respiratory Disease Indicators,Staten,2018,5141.0
Respiratory Disease Indicators,Bronx,2018,15596.0
Respiratory Disease Indicators,Brooklyn,2018,10050.0
Respiratory Disease Indicators,Manhattan,2018,5298.0
Respiratory Disease Indicators,Queens,2018,6870.0
Respiratory Disease Indicators,Staten,2018,1607.0
Respiratory Disease Indicators,Bronx,2018,15596.0
Respiratory Disease Indicators,Brooklyn,2018,10050.0
Respiratory Disease Indicators,Manhattan,2018,5298.0
Respiratory Disease Indicators,Queens,2018,6870.0
Respiratory Disease Indicators,Staten,2018,1607.0
Respiratory Disease Indicators,Bronx,2018,3318.0
Respiratory Disease Indicators,Brooklyn,2018,2513.0
Respiratory Disease Indicators,Manhattan,2018,1076.0
Respiratory Disease Indicators,Queens,2018,1560.0
Respiratory Disease Indicators,Staten,2018,280.0
Respiratory Disease Indicators,Bronx,2018,3101.0
Respiratory Disease Indicators,Brooklyn,2018,2444.0
Respiratory Disease Indicators,Manhattan,2018,1109.0
Respiratory Disease Indicators,Queens,2018,1311.0
Respiratory Disease Indicators,Staten,2018,278.0
Respiratory Disease Indicators,Bronx,2018,6816.0
Respiratory Disease Indicators,Brooklyn,2018,5215.0
Respiratory Disease Indicators,Manhattan,2018,2337.0
Respiratory Disease Indicators,Queens,2018,3031.0
Respiratory Disease Indicators,Staten,2018,591.0
Respiratory Disease Indicators,Bronx,2018,10250.0
Respiratory Disease Indicators,Brooklyn,2018,6132.0
Respiratory Disease Indicators,Manhattan,2018,3400.0
Respiratory Disease Indicators,Queens,2018,3997.0
Respiratory Disease Indicators,Staten,2018,1099.0
Respiratory Disease Indicators,Bronx,2018,1091.0
Respiratory Disease Indicators,Brooklyn,2018,622.0
Respiratory Disease Indicators,Manhattan,2018,356.0
Respiratory Disease Indicators,Queens,2018,440.0
Respiratory Disease Indicators,Staten,2018,122.0
Respiratory Disease Indicators,Bronx,2018,2167.0
Respiratory Disease Indicators,Brooklyn,2018,1088.0
Respiratory Disease Indicators,Manhattan,2018,675.0
Respiratory Disease Indicators,Queens,2018,724.0
Respiratory Disease Indicators,Staten,2018,305.0
Respiratory Disease Indicators,Bronx,2018,3891.0
Respiratory Disease Indicators,Brooklyn,2018,1978.0
Respiratory Disease Indicators,Manhattan,2018,1260.0
Respiratory Disease Indicators,Queens,2018,1522.0
Respiratory Disease Indicators,Staten,2018,394.0
Respiratory Disease Indicators,Bronx,2018,2028.0
Respiratory Disease Indicators,Brooklyn,2018,1405.0
Respiratory Disease Indicators,Manhattan,2018,822.0
Respiratory Disease Indicators,Queens,2018,1313.0
Respiratory Disease Indicators,Staten,2018,228.0
Respiratory Disease Indicators,Bronx,2018,150.0
Respiratory Disease Indicators,Brooklyn,2018,138.0
Respiratory Disease Indicators,Manhattan,2018,82.0
Respiratory Disease Indicators,Queens,2018,94.0
Respiratory Disease Indicators,Staten,2018,23.0
Respiratory Disease Indicators,Bronx,2018,150.0
Respiratory Disease Indicators,Brooklyn,2018,138.0
Respiratory Disease Indicators,Manhattan,2018,82.0
Respiratory Disease Indicators,Queens,2018,94.0
Respiratory Disease Indicators,Staten,2018,23.0
Respiratory Disease Indicators,Bronx,2016,3277.0
Respiratory Disease Indicators,Brooklyn,2016,12060.0
Respiratory Disease Indicators,Manhattan,2016,7064.0
Respiratory Disease Indicators,Queens,2016,10713.0
Respiratory Disease Indicators,Staten,2016,1538.0
Health Status and Social Determinants of Health,Bronx,2018,183375.0
Health Status and Social Determinants of Health,Brooklyn,2018,359246.0
Health Status and Social Determinants of Health,Manhattan,2018,268902.0
Health Status and Social Determinants of Health,Queens,2018,357517.0
Health Status and Social Determinants of Health,Staten,2018,77053.0
Health Status and Social Determinants of Health,Bronx,2018,60855.0
Health Status and Social Determinants of Health,Brooklyn,2018,118305.0
Health Status and Social Determinants of Health,Manhattan,2018,50848.0
Health Status and Social Determinants of Health,Queens,2018,87029.0
Health Status and Social Determinants of Health,Staten,2018,15866.0
Health Status and Social Determinants of Health,Bronx,2018,29023.0
Health Status and Social Determinants of Health,Brooklyn,2018,48323.0
Health Status and Social Determinants of Health,Manhattan,2018,29868.0
Health Status and Social Determinants of Health,Queens,2018,43704.0
Health Status and Social Determinants of Health,Staten,2018,11202.0
Health Status and Social Determinants of Health,Bronx,2018,29023.0
Health Status and Social Determinants of Health,Brooklyn,2018,48323.0
Health Status and Social Determinants of Health,Manhattan,2018,29868.0
Health Status and Social Determinants of Health,Queens,2018,43704.0
Health Status and Social Determinants of Health,Staten,2018,11202.0
Health Status and Social Determinants of Health,Bronx,2018,15072.0
Health Status and Social Determinants of Health,Brooklyn,2018,22036.0
Health Status and Social Determinants of Health,Manhattan,2018,11703.0
Health Status and Social Determinants of Health,Queens,2018,17886.0
Health Status and Social Determinants of Health,Staten,2018,4915.0
Health Status and Social Determinants of Health,Bronx,2018,278224.0
Health Status and Social Determinants of Health,Brooklyn,2018,391186.0
Health Status and Social Determinants of Health,Manhattan,2018,187352.0
Health Status and Social Determinants of Health,Queens,2018,303023.0
Health Status and Social Determinants of Health,Staten,2018,80129.0
Health Status and Social Determinants of Health,Bronx,2018,209900.0
Health Status and Social Determinants of Health,Brooklyn,2018,265081.0
Health Status and Social Determinants of Health,Manhattan,2018,166821.0
Health Status and Social Determinants of Health,Queens,2018,216992.0
Health Status and Social Determinants of Health,Staten,2018,46798.0
Health Status and Social Determinants of Health,Bronx,2018,21561.0
Health Status and Social Determinants of Health,Brooklyn,2018,15256.0
Health Status and Social Determinants of Health,Manhattan,2018,7027.0
Health Status and Social Determinants of Health,Queens,2018,14122.0
Health Status and Social Determinants of Health,Staten,2018,2665.0
Health Status and Social Determinants of Health,Bronx,2019,32035.0
Health Status and Social Determinants of Health,Brooklyn,2019,48699.0
Health Status and Social Determinants of Health,Manhattan,2019,31973.0
Health Status and Social Determinants of Health,Queens,2019,39401.0
Health Status and Social Determinants of Health,Staten,2019,8585.0
Health Status and Social Determinants of Health,Bronx,2018,685872.0
Health Status and Social Determinants of Health,Brooklyn,2018,945600.0
Health Status and Social Determinants of Health,Manhattan,2018,374372.0
Health Status and Social Determinants of Health,Queens,2018,670860.0
Health Status and Social Determinants of Health,Staten,2018,91893.0
Health Status and Social Determinants of Health,Bronx,2017,832.0
Health Status and Social Determinants of Health,Brooklyn,2017,1705.0
Health Status and Social Determinants of Health,Manhattan,2017,2209.0
Health Status and Social Determinants of Health,Queens,2017,1467.0
Health Status and Social Determinants of Health,Staten,2017,466.0
Health Status and Social Determinants of Health,Bronx,2019,2945.0
Health Status and Social Determinants of Health,Brooklyn,2019,5670.0
Health Status and Social Determinants of Health,Manhattan,2019,13986.0
Health Status and Social Determinants of Health,Queens,2019,3703.0
Health Status and Social Determinants of Health,Staten,2019,1091.0
Health Status and Social Determinants of Health,Bronx,2018,729.0
Health Status and Social Determinants of Health,Brooklyn,2018,1659.0
Health Status and Social Determinants of Health,Manhattan,2018,2907.0
Health Status and Social Determinants of Health,Queens,2018,1678.0
Health Status and Social Determinants of Health,Staten,2018,314.0
Health Status and Social Determinants of Health,Bronx,2018,187293.0
Health Status and Social Determinants of Health,Brooklyn,2018,238173.0
Health Status and Social Determinants of Health,Manhattan,2018,110472.0
Health Status and Social Determinants of Health,Queens,2018,204916.0
Health Status and Social Determinants of Health,Staten,2018,34905.0
Health Status and Social Determinants of Health,Bronx,2018,180917.0
Health Status and Social Determinants of Health,Brooklyn,2018,218716.0
Health Status and Social Determinants of Health,Manhattan,2018,101530.0
Health Status and Social Determinants of Health,Queens,2018,103601.0
Health Status and Social Determinants of Health,Staten,2018,19872.0
Health Status and Social Determinants of Health,Bronx,2015,13.0
Health Status and Social Determinants of Health,Brooklyn,2015,132.0
Health Status and Social Determinants of Health,Manhattan,2015,0.0
Health Status and Social Determinants of Health,Queens,2015,715.0
Health Status and Social Determinants of Health,Staten,2015,807.0
Health Status and Social Determinants of Health,Bronx,2018,232131.0
Health Status and Social Determinants of Health,Brooklyn,2018,345819.0
Health Status and Social Determinants of Health,Manhattan,2018,251015.0
Health Status and Social Determinants of Health,Queens,2018,224353.0
Health Status and Social Determinants of Health,Staten,2018,24606.0
Health Status and Social Determinants of Health,Bronx,2018,126608.0
Health Status and Social Determinants of Health,Brooklyn,2018,241243.0
Health Status and Social Determinants of Health,Manhattan,2018,247645.0
Health Status and Social Determinants of Health,Queens,2018,191470.0
Health Status and Social Determinants of Health,Staten,2018,27648.0
Health Status and Social Determinants of Health,Bronx,2018,24185.0
Health Status and Social Determinants of Health,Brooklyn,2018,52122.0
Health Status and Social Determinants of Health,Manhattan,2018,22274.0
Health Status and Social Determinants of Health,Queens,2018,33353.0
Health Status and Social Determinants of Health,Staten,2018,6579.0
Health Status and Social Determinants of Health,Bronx,2018,7382.0
Health Status and Social Determinants of Health,Brooklyn,2018,9516.0
Health Status and Social Determinants of Health,Manhattan,2018,3184.0
Health Status and Social Determinants of Health,Queens,2018,5690.0
Health Status and Social Determinants of Health,Staten,2018,1717.0
Health Status and Social Determinants of Health,Bronx,2019,1807.0
Health Status and Social Determinants of Health,Brooklyn,2019,1513.0
Health Status and Social Determinants of Health,Manhattan,2019,1113.0
Health Status and Social Determinants of Health,Queens,2019,1230.0
Health Status and Social Determinants of Health,Staten,2019,228.0
Health Status and Social Determinants of Health,Bronx,2019,10945.0
Health Status and Social Determinants of Health,Brooklyn,2019,16962.0
Health Status and Social Determinants of Health,Manhattan,2019,12843.0
Health Status and Social Determinants of Health,Queens,2019,16115.0
Health Status and Social Determinants of Health,Staten,2019,3735.0
Health Status and Social Determinants of Health,Bronx,2018,258956.0
Health Status and Social Determinants of Health,Brooklyn,2018,326469.0
Health Status and Social Determinants of Health,Manhattan,2018,162237.0
Health Status and Social Determinants of Health,Queens,2018,303881.0
Health Status and Social Determinants of Health,Staten,2018,37675.0
Health Status and Social Determinants of Health,Bronx,2018,409754.0
Health Status and Social Determinants of Health,Brooklyn,2018,995513.0
Health Status and Social Determinants of Health,Manhattan,2018,929786.0
Health Status and Social Determinants of Health,Queens,2018,888270.0
Health Status and Social Determinants of Health,Staten,2018,189340.0
Health Status and Social Determinants of Health,Bronx,2018,985586.0
Health Status and Social Determinants of Health,Brooklyn,2018,1869487.0
Health Status and Social Determinants of Health,Manhattan,2018,1314312.0
Health Status and Social Determinants of Health,Queens,2018,1526854.0
Health Status and Social Determinants of Health,Staten,2018,397964.0
Health Status and Social Determinants of Health,Bronx,2018,35355.0
Health Status and Social Determinants of Health,Brooklyn,2018,50106.0
Health Status and Social Determinants of Health,Manhattan,2018,49830.0
Health Status and Social Determinants of Health,Queens,2018,33135.0
Health Status and Social Determinants of Health,Staten,2018,5738.0
Health Status and Social Determinants of Health,Bronx,2018,12514.0
Health Status and Social Determinants of Health,Brooklyn,2018,14384.0
Health Status and Social Determinants of Health,Manhattan,2018,8951.0
Health Status and Social Determinants of Health,Queens,2018,8856.0
Health Status and Social Determinants of Health,Staten,2018,1408.0
Health Status and Social Determinants of Health,Bronx,2018,135160.0
Health Status and Social Determinants of Health,Brooklyn,2018,220529.0
Health Status and Social Determinants of Health,Manhattan,2018,53211.0
Health Status and Social Determinants of Health,Queens,2018,356384.0
Health Status and Social Determinants of Health,Staten,2018,117782.0
Health Status and Social Determinants of Health,Bronx,2018,346240.0
Health Status and Social Determinants of Health,Brooklyn,2018,729737.0
Health Status and Social Determinants of Health,Manhattan,2018,521777.0
Health Status and Social Determinants of Health,Queens,2018,563428.0
Health Status and Social Determinants of Health,Staten,2018,61905.0
Health Status and Social Determinants of Health,Bronx,2018,2926309.0
Health Status and Social Determinants of Health,Brooklyn,2018,3359819.0
Health Status and Social Determinants of Health,Manhattan,2018,2028939.0
Health Status and Social Determinants of Health,Queens,2018,2674074.0
Health Status and Social Determinants of Health,Staten,2018,616869.0
Health Status and Social Determinants of Health,Bronx,2018,2926309.0
Health Status and Social Determinants of Health,Brooklyn,2018,3359819.0
Health Status and Social Determinants of Health,Manhattan,2018,2028939.0
Health Status and Social Determinants of Health,Queens,2018,2674074.0
Health Status and Social Determinants of Health,Staten,2018,616869.0
Health Status and Social Determinants of Health,Bronx,2018,661666.0
Health Status and Social Determinants of Health,Brooklyn,2018,873748.0
Health Status and Social Determinants of Health,Manhattan,2018,495367.0
Health Status and Social Determinants of Health,Queens,2018,753126.0
Health Status and Social Determinants of Health,Staten,2018,186069.0
Health Status and Social Determinants of Health,Bronx,2018,661666.0
Health Status and Social Determinants of Health,Brooklyn,2018,873748.0
Health Status and Social Determinants of Health,Manhattan,2018,495367.0
Health Status and Social Determinants of Health,Queens,2018,753126.0
Health Status and Social Determinants of Health,Staten,2018,186069.0
Tobacco and Alcohol Use Indicators,Bronx,2018,1053.0
Tobacco and Alcohol Use Indicators,Brooklyn,2018,1719.0
Tobacco and Alcohol Use Indicators,Manhattan,2018,801.0
Tobacco and Alcohol Use Indicators,Queens,2018,1507.0
Tobacco and Alcohol Use Indicators,Staten,2018,363.0
